{
	"pattrstorage" : 	{
		"name" : "mystorage",
		"slots" : 		{
			"1" : 			{
				"id" : 1,
				"data" : 				{
					"live.gain~[1]" : [ -12.0 ],
					"partials" : [ 0.69863, 0.424658, 0.0, 0.0, 0.0, 0.726027, 0.0, 0.287671 ]
				}

			}
,
			"2" : 			{
				"id" : 2,
				"data" : 				{
					"live.gain~[1]" : [ -12.0 ],
					"partials" : [ 0.205479, 0.410959, 0.671233, 0.726027, 0.767123, 0.794521, 0.520548, 0.39726 ]
				}

			}
,
			"3" : 			{
				"id" : 3,
				"data" : 				{
					"live.gain~[1]" : [ -12.0 ],
					"partials" : [ 0.082192, 0.082192, 0.150685, 0.232877, 0.657534, 0.534247, 0.410959, 0.205479 ]
				}

			}

		}

	}

}
